<?xml version="1.0" encoding="UTF-8"?>
<project-private xmlns="http://www.netbeans.org/ns/project-private/1">
    <editor-bookmarks xmlns="http://www.netbeans.org/ns/editor-bookmarks/2" lastBookmarkId="0"/>
    <open-files xmlns="http://www.netbeans.org/ns/projectui-open-files/2">
        <group>
            <file>file:/C:/Users/Desta%20Langena/Documents/NetBeansProjects/GmailNotification/src/</file>
            <file>file:/C:/Users/Desta%20Langena/Documents/NetBeansProjects/GmailNotification/src/gmailnotification/News.java</file>
            <file>file:/C:/Users/Desta%20Langena/Documents/NetBeansProjects/GmailNotification/src/gmailnotification/GmailNotification.java</file>
        </group>
    </open-files>
</project-private>
